image,split,source,strat_key
001d0529-0140_007.png,test,real,class_1
00c37598-0151_180.png,test,real,class_1
03dbe127-Doc_table_496.png,test,real,class_1
08349e2f-20_bordered_tables_page-0012.jpg,test,real,class_0
09d75778-1040_032.png,test,real,class_1
0a077263-0151_208.png,test,real,class_1
0d87a1d5-20_bordered_tables_page-0016.jpg,test,real,class_0
0dafd18f-Doc_table_499.png,test,real,class_0
10f53f38-1164_010.png,test,real,negative
12447e4f-0626_005.png,test,real,class_1
14442948-0203_075.png,test,real,class_1
17f0c9c7-0140_007.png,test,real,class_1
1edbf3a8-0148_271.png,test,real,class_1
1fe54ba7-Doc_table_107.png,test,real,class_0
20088b20-Doc_table_152.png,test,real,class_0
21303d54-1624_063.png,test,real,class_1
24d06a63-0146_281.png,test,real,class_1
26ef72f9-Doc_table_23.png,test,real,class_0
2701c8cf-Doc_table_455.png,test,real,class_0
28794723-1384_097.png,test,real,class_1
2a2e7ef4-1368_074.png,test,real,class_1
2b7e04af-Doc_table_458.png,test,real,class_1
2c3d6889-0146_281.png,test,real,class_1
33c009a7-1486_156.png,test,real,class_1
35a1a84f-Doc_table_20.png,test,real,class_0
37b30700-Screenshot_2026-06-16_180713.png,test,real,class_0
3c97ac51-20_bordered_tables_page-0003.jpg,test,real,class_0
3f5f4b58-Doc_table_6_-_Copy.png,test,real,class_1
3f8bce1e-1132_108.png,test,real,class_1
402c8235-1063_086.png,test,real,class_1
406a1002-1194_021.png,test,real,class_1
4ad34631-20_bordered_tables_page-0015.jpg,test,real,class_0
4fd8dca0-1063_086.png,test,real,class_1
510cfae3-1852_024.png,test,real,class_1
5268ba6b-Doc_table_463.png,test,real,class_1
561fcc5e-0113_013.png,test,real,negative
56893478-Doc_table_66.png,test,real,class_0
56bbcc6a-Doc_table_80.png,test,real,class_0
570017d3-Doc_table_459.png,test,real,class_1
5892417d-20_bordered_tables_page-0013.jpg,test,real,class_0
58cec50e-Doc_table_0.png,test,real,class_0
5a762b30-Doc_table_8_-_Copy.png,test,real,class_0
5d2af43e-0110_099.png,test,real,class_1
67f0e15d-Doc_table_81.png,test,real,class_0
6816adac-1464_021.png,test,real,negative
6b61ba64-Doc_table_34.png,test,real,class_1
6f2d59ba-0113_013.png,test,real,negative
6fbac16a-0151_208.png,test,real,class_1
73da2af3-Doc_table_32.png,test,real,class_0
75fbc2ce-Doc_table_1.png,test,real,class_0
795a9889-Doc_table_16.png,test,real,class_1
7d3dfb35-1289_014.png,test,real,class_1
835f4bb4-Doc_table_82.png,test,real,class_1
855df82e-Doc_table_57.png,test,real,class_1
86023f5d-0101_003.png,test,real,negative
894b22d4-2029_489.png,test,real,class_1
90d41198-1078_082.png,test,real,class_1
911cce90-0154_474.png,test,real,class_1
9830680b-20_bordered_tables_page-0005.jpg,test,real,class_0
98e1c078-Doc_table_78.png,test,real,class_0
9b54c3dd-20_bordered_tables_page-0011.jpg,test,real,class_0
9c67397d-1175_032.png,test,real,class_1
9cad2fc3-20_bordered_tables_page-0020.jpg,test,real,class_0
a068a828-Doc_table_21.png,test,real,class_0
a2307221-1201_293.png,test,real,class_1
a34f86ce-Doc_table_13.png,test,real,class_0
ab1fcf70-Doc_table_94.png,test,real,class_1
ac797dcb-Doc_table_159.png,test,real,class_1
b0382e86-Doc_table_487.png,test,real,class_1
b3dfea49-Doc_table_479.png,test,real,class_0
b7d78580-0651_013.png,test,real,class_1
baa44415-0219_043.png,test,real,class_1
bb68368b-1124_024.png,test,real,class_1
bcca1a7a-1060_146.png,test,real,class_1
bdcf243c-Doc_table_489.png,test,real,class_0
bf2e67eb-0155_081.png,test,real,class_1
c195cfcf-Doc_table_478.png,test,real,class_1
c35be97b-20_bordered_tables_page-0007.jpg,test,real,class_0
c4786acf-0147_256.png,test,real,class_1
c7c733af-1999_019.png,test,real,class_1
cbc6cbd7-20_bordered_tables_page-0011.jpg,test,real,class_0
d15c2970-1662_085.png,test,real,class_1
d203a585-Doc_table_473.png,test,real,class_1
d2696843-0151_180.png,test,real,class_1
d2b4b505-20_bordered_tables_page-0002.jpg,test,real,class_0
d339777d-2029_470.png,test,real,class_1
d96d0a1f-20_bordered_tables_page-0003.jpg,test,real,class_0
dc0ba0af-20_bordered_tables_page-0014.jpg,test,real,class_0
e15a30a3-1343_073.png,test,real,class_1
e2c9da4d-Doc_table_477.png,test,real,class_0
e73468f8-Doc_table_461.png,test,real,class_0
e984523f-Doc_table_62.png,test,real,class_0
ea32ee23-Doc_table_61.png,test,real,class_0
ecd7505f-Doc_table_25.png,test,real,class_0
efdeabc9-1674_138.png,test,real,class_1
f0fb6cfe-20_bordered_tables_page-0006.jpg,test,real,class_0
f138be0d-Doc_table_466.png,test,real,class_0
f1fe94cf-1012_041.png,test,real,class_1
f380aa19-Doc_table_454.png,test,real,class_0
f4d37673-Screenshot_2026-06-16_180718.png,test,real,class_0
f62ff328-Doc_table_96.png,test,real,class_0
f6c7fbe1-1156_004.png,test,real,negative
f7321401-Doc_table_91.png,test,real,class_1
f90a1c06-Doc_table_498.png,test,real,class_1
fa81465e-0199_384.png,test,real,negative
faa49525-Doc_table_483.png,test,real,class_0
fd9ebf18-Doc_table_80_-_Copy.png,test,real,class_0
fe12cd37-1558_040.png,test,real,class_1
fec4f22e-Doc_table_471.png,test,real,class_0
ff0da1da-1777_016.png,test,real,class_1
synth_00002.png,test,synthetic,class_1
synth_00007.png,test,synthetic,class_1
synth_00012.png,test,synthetic,class_0
synth_00021.png,test,synthetic,class_1
synth_00035.png,test,synthetic,class_1
synth_00037.png,test,synthetic,class_0
synth_00038.png,test,synthetic,class_1
synth_00040.png,test,synthetic,class_1
synth_00042.png,test,synthetic,class_0
synth_00044.png,test,synthetic,class_0
synth_00045.png,test,synthetic,class_0
synth_00046.png,test,synthetic,class_1
synth_00057.png,test,synthetic,class_1
synth_00060.png,test,synthetic,class_0
synth_00085.png,test,synthetic,class_1
synth_00097.png,test,synthetic,class_1
synth_00109.png,test,synthetic,class_0
synth_00111.png,test,synthetic,class_1
synth_00117.png,test,synthetic,class_0
synth_00121.png,test,synthetic,class_1
synth_00124.png,test,synthetic,class_0
synth_00128.png,test,synthetic,class_0
synth_00139.png,test,synthetic,class_0
synth_00145.png,test,synthetic,class_1
synth_00147.png,test,synthetic,class_0
synth_00151.png,test,synthetic,class_1
synth_00162.png,test,synthetic,class_0
synth_00168.png,test,synthetic,class_1
synth_00172.png,test,synthetic,class_1
synth_00177.png,test,synthetic,class_1
synth_00180.png,test,synthetic,negative
synth_00185.png,test,synthetic,class_1
synth_00186.png,test,synthetic,class_0
synth_00188.png,test,synthetic,class_1
synth_00202.png,test,synthetic,class_1
synth_00203.png,test,synthetic,class_0
synth_00205.png,test,synthetic,class_1
synth_00208.png,test,synthetic,class_0
synth_00232.png,test,synthetic,class_1
synth_00237.png,test,synthetic,class_1
synth_00248.png,test,synthetic,class_0
synth_00265.png,test,synthetic,class_1
synth_00277.png,test,synthetic,class_1
synth_00278.png,test,synthetic,class_1
synth_00286.png,test,synthetic,class_0
synth_00288.png,test,synthetic,class_0
synth_00289.png,test,synthetic,class_0
synth_00291.png,test,synthetic,class_0
synth_00292.png,test,synthetic,class_1
synth_00297.png,test,synthetic,class_1
synth_00299.png,test,synthetic,class_0
synth_00309.png,test,synthetic,class_1
synth_00312.png,test,synthetic,class_0
synth_00318.png,test,synthetic,negative
synth_00325.png,test,synthetic,negative
synth_00342.png,test,synthetic,class_0
synth_00346.png,test,synthetic,class_1
synth_00358.png,test,synthetic,class_0
synth_00361.png,test,synthetic,class_0
synth_00367.png,test,synthetic,class_1
synth_00372.png,test,synthetic,negative
synth_00382.png,test,synthetic,class_1
synth_00386.png,test,synthetic,negative
synth_00392.png,test,synthetic,class_1
synth_00394.png,test,synthetic,class_1
synth_00397.png,test,synthetic,class_1
synth_00398.png,test,synthetic,class_0
synth_00405.png,test,synthetic,class_1
synth_00443.png,test,synthetic,class_0
synth_00446.png,test,synthetic,class_0
synth_00448.png,test,synthetic,class_0
synth_00449.png,test,synthetic,class_1
synth_00450.png,test,synthetic,negative
synth_00456.png,test,synthetic,class_1
synth_00464.png,test,synthetic,negative
synth_00466.png,test,synthetic,negative
synth_00468.png,test,synthetic,class_1
synth_00472.png,test,synthetic,class_1
synth_00474.png,test,synthetic,class_0
synth_00476.png,test,synthetic,class_1
synth_00486.png,test,synthetic,class_1
synth_00503.png,test,synthetic,class_0
synth_00505.png,test,synthetic,class_0
synth_00536.png,test,synthetic,class_1
synth_00548.png,test,synthetic,class_0
synth_00552.png,test,synthetic,class_1
synth_00555.png,test,synthetic,negative
synth_00556.png,test,synthetic,class_0
synth_00566.png,test,synthetic,negative
synth_00586.png,test,synthetic,class_0
synth_00591.png,test,synthetic,negative
synth_00598.png,test,synthetic,class_1
synth_00604.png,test,synthetic,class_1
synth_00606.png,test,synthetic,class_0
synth_00608.png,test,synthetic,negative
synth_00618.png,test,synthetic,class_1
synth_00620.png,test,synthetic,class_1
synth_00630.png,test,synthetic,negative
synth_00638.png,test,synthetic,negative
synth_00643.png,test,synthetic,class_1
synth_00658.png,test,synthetic,class_0
synth_00666.png,test,synthetic,class_1
synth_00682.png,test,synthetic,class_1
synth_00693.png,test,synthetic,class_1
synth_00697.png,test,synthetic,class_1
synth_00703.png,test,synthetic,class_0
synth_00710.png,test,synthetic,class_0
synth_00715.png,test,synthetic,class_0
synth_00721.png,test,synthetic,class_0
synth_00741.png,test,synthetic,class_1
synth_00748.png,test,synthetic,class_0
synth_00750.png,test,synthetic,class_0
synth_00757.png,test,synthetic,class_1
synth_00762.png,test,synthetic,class_1
synth_00764.png,test,synthetic,class_1
synth_00776.png,test,synthetic,class_0
synth_00777.png,test,synthetic,class_1
synth_00779.png,test,synthetic,negative
synth_00780.png,test,synthetic,class_0
synth_00796.png,test,synthetic,class_1
synth_00799.png,test,synthetic,class_0
synth_00815.png,test,synthetic,class_1
synth_00819.png,test,synthetic,negative
synth_00820.png,test,synthetic,class_0
synth_00823.png,test,synthetic,class_1
synth_00836.png,test,synthetic,class_0
synth_00846.png,test,synthetic,class_0
synth_00848.png,test,synthetic,class_1
synth_00857.png,test,synthetic,negative
synth_00866.png,test,synthetic,class_1
synth_00868.png,test,synthetic,negative
synth_00871.png,test,synthetic,class_0
synth_00890.png,test,synthetic,class_1
synth_00896.png,test,synthetic,class_0
synth_00898.png,test,synthetic,class_0
synth_00926.png,test,synthetic,class_1
synth_00936.png,test,synthetic,class_1
synth_00937.png,test,synthetic,class_0
synth_00941.png,test,synthetic,negative
synth_00942.png,test,synthetic,class_1
synth_00947.png,test,synthetic,class_1
synth_00948.png,test,synthetic,negative
synth_00951.png,test,synthetic,class_0
synth_00952.png,test,synthetic,class_0
synth_00954.png,test,synthetic,class_0
synth_00955.png,test,synthetic,class_0
synth_00964.png,test,synthetic,class_0
synth_00970.png,test,synthetic,negative
synth_00974.png,test,synthetic,negative
synth_00983.png,test,synthetic,class_0
synth_00984.png,test,synthetic,negative
synth_00988.png,test,synthetic,class_1
synth_00995.png,test,synthetic,class_1
006793f0-1360_074.png,train,real,class_1
00ef90b9-Doc_table_156.png,train,real,class_1
0598f543-1445_046.png,train,real,class_1
0667208e-1553_021.png,train,real,class_1
07524019-1384_058.png,train,real,class_1
0842a3ff-20_bordered_tables_page-0006.jpg,train,real,class_0
0d43703b-Doc_table_63.png,train,real,class_0
0df99aa3-0219_043.png,train,real,class_1
11fdc48f-Doc_table_29.png,train,real,class_0
1bea3480-20_bordered_tables_page-0008.jpg,train,real,class_0
1cd92169-20_bordered_tables_page-0017.jpg,train,real,class_0
1ec48666-Doc_table_460.png,train,real,class_1
22104242-1674_088.png,train,real,class_1
2546a555-1339_086.png,train,real,class_1
258a5c5c-1060_195.png,train,real,class_1
27988033-20_bordered_tables_page-0005.jpg,train,real,class_0
2984518e-Doc_table_110.png,train,real,class_0
321cb554-1176_003.png,train,real,class_1
33aaee40-20_bordered_tables_page-0007.jpg,train,real,class_0
37566fa1-Screenshot_2026-06-16_180620.png,train,real,class_0
38249ee4-Doc_table_18.png,train,real,class_1
38862406-Doc_table_456.png,train,real,class_1
3b28b617-1012_041.png,train,real,negative
3c768ae7-Doc_table_108.png,train,real,class_0
3ef95933-20_bordered_tables_page-0004.jpg,train,real,class_0
4d4b65e7-1662_053.png,train,real,class_1
4f6b046a-Doc_table_150.png,train,real,class_0
54c3aa2d-0672_278.png,train,real,class_1
5563b354-Doc_table_92.png,train,real,class_1
5a3333d2-Doc_table_14.png,train,real,class_0
5e19a54b-0148_479.png,train,real,class_1
5f6270fc-0203_207.png,train,real,class_1
617f7f81-0206_007.png,train,real,negative
63a9426c-Doc_table_493.png,train,real,class_0
68698a87-0717_023.png,train,real,class_1
68745ea8-1201_273.png,train,real,class_1
6881ef59-Doc_table_15.png,train,real,class_0
69aea3d6-0220_030.png,train,real,class_1
6d79f9aa-Doc_table_474.png,train,real,class_0
70d43b3b-0725_043.png,train,real,class_1
8688bd5f-1551_152.png,train,real,class_1
86bd2625-Doc_table_97.png,train,real,class_0
8ae1878e-Doc_table_457.png,train,real,class_1
8cbae39d-Doc_table_155.png,train,real,class_0
8e106d32-Doc_table_27.png,train,real,class_0
929f1a96-0147_125.png,train,real,class_1
9360b107-1580_295.png,train,real,class_1
94a999f8-Doc_table_497.png,train,real,class_1
94f759e0-Doc_table_7_-_Copy.png,train,real,class_1
95144066-0725_026.png,train,real,class_1
995da427-1551_123.png,train,real,class_1
9b77cfcd-1124_039.png,train,real,class_1
9bbd3b3a-Doc_table_472.png,train,real,class_1
9ddee966-1040_032.png,train,real,class_1
a068167d-0154_474.png,train,real,class_1
a1855797-1674_138.png,train,real,class_1
a2c608df-Doc_table_64.png,train,real,class_1
ae9e1c01-0765_005.png,train,real,negative
b004afaa-Doc_table_75.png,train,real,class_0
b0c3dbb4-1552_032.png,train,real,class_1
b209ba68-Doc_table_12_-_Copy.png,train,real,class_0
b2cafe9d-1249_072.png,train,real,class_1
b4e872eb-Doc_table_494.png,train,real,class_1
b8d05879-1060_223.png,train,real,class_1
baee804f-20_bordered_tables_page-0004.jpg,train,real,class_0
bc7da378-Doc_table_469.png,train,real,class_0
c2fc664e-Screenshot_2026-06-16_180744.png,train,real,class_0
c9571aaa-1060_223.png,train,real,class_1
cc9d0437-Doc_table_3_-_Copy.png,train,real,class_1
cea9aae3-Doc_table_490.png,train,real,class_1
d3df8391-Doc_table_59.png,train,real,class_0
d534021e-1550_007.png,train,real,class_1
d56f524d-Doc_table_35.png,train,real,negative
d5f850cc-Doc_table_87.png,train,real,class_0
d86073c3-20_bordered_tables_page-0019.jpg,train,real,class_0
d90cea8c-Doc_table_151.png,train,real,class_0
d9973770-Doc_table_453.png,train,real,class_0
d9b6f72a-Doc_table_26.png,train,real,class_1
db20270a-Doc_table_36.png,train,real,class_1
dc6d3f08-Doc_table_19.png,train,real,class_0
e310ee17-Doc_table_33.png,train,real,class_0
e33726b1-Doc_table_462.png,train,real,class_0
ea4aec47-Doc_table_17.png,train,real,class_0
eb0d40b3-Doc_table_153.png,train,real,class_1
eb9e7d8a-20_bordered_tables_page-0014.jpg,train,real,class_0
ece2df29-Doc_table_55.png,train,real,class_0
f7b1f1d4-Doc_table_492.png,train,real,class_1
fb68d60e-20_bordered_tables_page-0017.jpg,train,real,class_0
fdc7e6d0-Doc_table_491.png,train,real,class_0
ff2ea735-Doc_table_53.png,train,real,class_0
synth_00000.png,train,synthetic,negative
synth_00004.png,train,synthetic,class_1
synth_00005.png,train,synthetic,class_1
synth_00006.png,train,synthetic,class_0
synth_00008.png,train,synthetic,class_0
synth_00009.png,train,synthetic,class_1
synth_00010.png,train,synthetic,class_0
synth_00011.png,train,synthetic,negative
synth_00013.png,train,synthetic,class_1
synth_00014.png,train,synthetic,class_1
synth_00015.png,train,synthetic,class_1
synth_00016.png,train,synthetic,negative
synth_00017.png,train,synthetic,class_1
synth_00018.png,train,synthetic,class_1
synth_00019.png,train,synthetic,class_1
synth_00020.png,train,synthetic,class_0
synth_00022.png,train,synthetic,class_0
synth_00023.png,train,synthetic,class_0
synth_00024.png,train,synthetic,class_0
synth_00025.png,train,synthetic,class_0
synth_00026.png,train,synthetic,negative
synth_00027.png,train,synthetic,class_0
synth_00028.png,train,synthetic,class_0
synth_00029.png,train,synthetic,class_1
synth_00031.png,train,synthetic,class_1
synth_00032.png,train,synthetic,class_1
synth_00033.png,train,synthetic,class_0
synth_00034.png,train,synthetic,class_1
synth_00043.png,train,synthetic,class_0
synth_00047.png,train,synthetic,class_0
synth_00048.png,train,synthetic,class_0
synth_00049.png,train,synthetic,class_0
synth_00050.png,train,synthetic,class_0
synth_00051.png,train,synthetic,negative
synth_00052.png,train,synthetic,negative
synth_00053.png,train,synthetic,class_0
synth_00054.png,train,synthetic,class_1
synth_00055.png,train,synthetic,class_1
synth_00056.png,train,synthetic,class_1
synth_00058.png,train,synthetic,class_1
synth_00059.png,train,synthetic,class_1
synth_00062.png,train,synthetic,class_0
synth_00063.png,train,synthetic,class_0
synth_00064.png,train,synthetic,class_1
synth_00065.png,train,synthetic,class_1
synth_00066.png,train,synthetic,negative
synth_00067.png,train,synthetic,negative
synth_00068.png,train,synthetic,class_1
synth_00069.png,train,synthetic,class_0
synth_00070.png,train,synthetic,class_0
synth_00072.png,train,synthetic,negative
synth_00073.png,train,synthetic,class_1
synth_00075.png,train,synthetic,class_1
synth_00076.png,train,synthetic,class_1
synth_00078.png,train,synthetic,class_0
synth_00079.png,train,synthetic,class_1
synth_00080.png,train,synthetic,negative
synth_00081.png,train,synthetic,class_1
synth_00082.png,train,synthetic,class_0
synth_00083.png,train,synthetic,negative
synth_00084.png,train,synthetic,class_0
synth_00086.png,train,synthetic,class_0
synth_00087.png,train,synthetic,class_1
synth_00088.png,train,synthetic,class_1
synth_00089.png,train,synthetic,class_1
synth_00091.png,train,synthetic,class_1
synth_00092.png,train,synthetic,class_1
synth_00093.png,train,synthetic,class_1
synth_00094.png,train,synthetic,class_1
synth_00095.png,train,synthetic,class_0
synth_00096.png,train,synthetic,class_1
synth_00099.png,train,synthetic,class_1
synth_00100.png,train,synthetic,class_1
synth_00101.png,train,synthetic,negative
synth_00104.png,train,synthetic,class_0
synth_00105.png,train,synthetic,class_0
synth_00106.png,train,synthetic,class_1
synth_00107.png,train,synthetic,class_0
synth_00108.png,train,synthetic,class_1
synth_00110.png,train,synthetic,class_0
synth_00112.png,train,synthetic,class_1
synth_00113.png,train,synthetic,class_0
synth_00114.png,train,synthetic,class_1
synth_00116.png,train,synthetic,class_0
synth_00118.png,train,synthetic,class_0
synth_00119.png,train,synthetic,class_1
synth_00120.png,train,synthetic,class_0
synth_00122.png,train,synthetic,class_1
synth_00125.png,train,synthetic,class_1
synth_00126.png,train,synthetic,class_0
synth_00127.png,train,synthetic,negative
synth_00129.png,train,synthetic,negative
synth_00130.png,train,synthetic,class_0
synth_00132.png,train,synthetic,class_1
synth_00133.png,train,synthetic,class_1
synth_00134.png,train,synthetic,negative
synth_00135.png,train,synthetic,negative
synth_00136.png,train,synthetic,negative
synth_00138.png,train,synthetic,negative
synth_00140.png,train,synthetic,class_0
synth_00142.png,train,synthetic,class_0
synth_00143.png,train,synthetic,class_1
synth_00144.png,train,synthetic,class_0
synth_00146.png,train,synthetic,class_0
synth_00148.png,train,synthetic,class_0
synth_00149.png,train,synthetic,class_0
synth_00150.png,train,synthetic,class_0
synth_00153.png,train,synthetic,class_1
synth_00154.png,train,synthetic,negative
synth_00155.png,train,synthetic,class_1
synth_00156.png,train,synthetic,class_0
synth_00157.png,train,synthetic,class_1
synth_00158.png,train,synthetic,negative
synth_00159.png,train,synthetic,class_0
synth_00160.png,train,synthetic,class_1
synth_00161.png,train,synthetic,class_1
synth_00163.png,train,synthetic,class_1
synth_00164.png,train,synthetic,class_1
synth_00165.png,train,synthetic,class_1
synth_00166.png,train,synthetic,class_0
synth_00167.png,train,synthetic,class_0
synth_00169.png,train,synthetic,class_0
synth_00170.png,train,synthetic,class_0
synth_00171.png,train,synthetic,negative
synth_00173.png,train,synthetic,class_0
synth_00174.png,train,synthetic,class_1
synth_00175.png,train,synthetic,negative
synth_00176.png,train,synthetic,class_1
synth_00178.png,train,synthetic,class_0
synth_00181.png,train,synthetic,class_1
synth_00184.png,train,synthetic,negative
synth_00187.png,train,synthetic,class_0
synth_00190.png,train,synthetic,class_1
synth_00191.png,train,synthetic,class_1
synth_00192.png,train,synthetic,class_0
synth_00193.png,train,synthetic,class_0
synth_00194.png,train,synthetic,class_1
synth_00195.png,train,synthetic,negative
synth_00196.png,train,synthetic,class_0
synth_00197.png,train,synthetic,class_1
synth_00198.png,train,synthetic,class_0
synth_00199.png,train,synthetic,class_0
synth_00200.png,train,synthetic,class_1
synth_00201.png,train,synthetic,class_1
synth_00204.png,train,synthetic,class_0
synth_00206.png,train,synthetic,class_1
synth_00207.png,train,synthetic,class_1
synth_00209.png,train,synthetic,class_1
synth_00210.png,train,synthetic,class_1
synth_00211.png,train,synthetic,class_1
synth_00212.png,train,synthetic,class_0
synth_00216.png,train,synthetic,class_0
synth_00217.png,train,synthetic,class_1
synth_00219.png,train,synthetic,class_0
synth_00220.png,train,synthetic,class_1
synth_00221.png,train,synthetic,class_0
synth_00223.png,train,synthetic,class_0
synth_00224.png,train,synthetic,negative
synth_00225.png,train,synthetic,negative
synth_00227.png,train,synthetic,class_0
synth_00228.png,train,synthetic,class_0
synth_00230.png,train,synthetic,class_0
synth_00231.png,train,synthetic,class_1
synth_00234.png,train,synthetic,class_0
synth_00235.png,train,synthetic,class_1
synth_00236.png,train,synthetic,class_1
synth_00238.png,train,synthetic,class_0
synth_00239.png,train,synthetic,class_1
synth_00240.png,train,synthetic,class_0
synth_00241.png,train,synthetic,class_1
synth_00242.png,train,synthetic,class_0
synth_00243.png,train,synthetic,class_0
synth_00244.png,train,synthetic,class_0
synth_00246.png,train,synthetic,class_0
synth_00247.png,train,synthetic,class_0
synth_00249.png,train,synthetic,class_1
synth_00250.png,train,synthetic,class_1
synth_00251.png,train,synthetic,class_1
synth_00252.png,train,synthetic,class_0
synth_00253.png,train,synthetic,class_0
synth_00256.png,train,synthetic,class_1
synth_00257.png,train,synthetic,class_0
synth_00258.png,train,synthetic,class_0
synth_00260.png,train,synthetic,class_1
synth_00261.png,train,synthetic,class_1
synth_00262.png,train,synthetic,class_1
synth_00264.png,train,synthetic,class_1
synth_00267.png,train,synthetic,class_0
synth_00268.png,train,synthetic,negative
synth_00269.png,train,synthetic,class_1
synth_00271.png,train,synthetic,class_1
synth_00272.png,train,synthetic,class_1
synth_00273.png,train,synthetic,class_1
synth_00275.png,train,synthetic,negative
synth_00276.png,train,synthetic,class_1
synth_00279.png,train,synthetic,class_1
synth_00280.png,train,synthetic,negative
synth_00282.png,train,synthetic,class_0
synth_00283.png,train,synthetic,class_1
synth_00284.png,train,synthetic,class_1
synth_00285.png,train,synthetic,negative
synth_00290.png,train,synthetic,class_0
synth_00293.png,train,synthetic,class_0
synth_00295.png,train,synthetic,negative
synth_00298.png,train,synthetic,class_0
synth_00301.png,train,synthetic,class_1
synth_00302.png,train,synthetic,class_1
synth_00303.png,train,synthetic,class_0
synth_00304.png,train,synthetic,class_1
synth_00305.png,train,synthetic,class_0
synth_00306.png,train,synthetic,class_1
synth_00307.png,train,synthetic,class_0
synth_00308.png,train,synthetic,negative
synth_00310.png,train,synthetic,class_0
synth_00311.png,train,synthetic,class_0
synth_00314.png,train,synthetic,negative
synth_00317.png,train,synthetic,class_0
synth_00319.png,train,synthetic,class_1
synth_00320.png,train,synthetic,class_0
synth_00321.png,train,synthetic,class_0
synth_00322.png,train,synthetic,class_1
synth_00323.png,train,synthetic,negative
synth_00324.png,train,synthetic,class_0
synth_00326.png,train,synthetic,negative
synth_00327.png,train,synthetic,class_0
synth_00328.png,train,synthetic,class_1
synth_00329.png,train,synthetic,class_1
synth_00330.png,train,synthetic,class_0
synth_00331.png,train,synthetic,class_1
synth_00332.png,train,synthetic,class_1
synth_00333.png,train,synthetic,class_1
synth_00334.png,train,synthetic,negative
synth_00335.png,train,synthetic,negative
synth_00336.png,train,synthetic,class_1
synth_00337.png,train,synthetic,class_0
synth_00338.png,train,synthetic,class_1
synth_00339.png,train,synthetic,class_1
synth_00340.png,train,synthetic,class_1
synth_00343.png,train,synthetic,class_1
synth_00344.png,train,synthetic,class_1
synth_00347.png,train,synthetic,class_1
synth_00349.png,train,synthetic,class_1
synth_00351.png,train,synthetic,class_1
synth_00354.png,train,synthetic,class_1
synth_00355.png,train,synthetic,class_1
synth_00356.png,train,synthetic,class_1
synth_00357.png,train,synthetic,class_0
synth_00359.png,train,synthetic,class_0
synth_00360.png,train,synthetic,class_1
synth_00362.png,train,synthetic,class_1
synth_00363.png,train,synthetic,class_1
synth_00365.png,train,synthetic,class_0
synth_00368.png,train,synthetic,negative
synth_00369.png,train,synthetic,negative
synth_00370.png,train,synthetic,class_0
synth_00371.png,train,synthetic,class_1
synth_00373.png,train,synthetic,negative
synth_00374.png,train,synthetic,class_0
synth_00375.png,train,synthetic,class_1
synth_00376.png,train,synthetic,class_1
synth_00377.png,train,synthetic,class_0
synth_00378.png,train,synthetic,class_1
synth_00379.png,train,synthetic,class_0
synth_00380.png,train,synthetic,negative
synth_00381.png,train,synthetic,negative
synth_00385.png,train,synthetic,class_1
synth_00387.png,train,synthetic,class_1
synth_00389.png,train,synthetic,class_0
synth_00390.png,train,synthetic,class_1
synth_00391.png,train,synthetic,negative
synth_00393.png,train,synthetic,class_1
synth_00395.png,train,synthetic,class_1
synth_00396.png,train,synthetic,class_1
synth_00399.png,train,synthetic,class_0
synth_00400.png,train,synthetic,class_0
synth_00401.png,train,synthetic,class_0
synth_00402.png,train,synthetic,class_1
synth_00403.png,train,synthetic,class_0
synth_00404.png,train,synthetic,class_1
synth_00406.png,train,synthetic,class_0
synth_00407.png,train,synthetic,class_1
synth_00408.png,train,synthetic,class_0
synth_00409.png,train,synthetic,class_1
synth_00410.png,train,synthetic,class_1
synth_00411.png,train,synthetic,class_0
synth_00412.png,train,synthetic,class_1
synth_00413.png,train,synthetic,class_0
synth_00414.png,train,synthetic,class_1
synth_00416.png,train,synthetic,class_1
synth_00417.png,train,synthetic,class_0
synth_00418.png,train,synthetic,negative
synth_00419.png,train,synthetic,class_0
synth_00421.png,train,synthetic,negative
synth_00422.png,train,synthetic,class_0
synth_00423.png,train,synthetic,class_0
synth_00425.png,train,synthetic,class_0
synth_00426.png,train,synthetic,class_1
synth_00427.png,train,synthetic,class_0
synth_00429.png,train,synthetic,class_0
synth_00430.png,train,synthetic,class_0
synth_00431.png,train,synthetic,class_1
synth_00432.png,train,synthetic,class_1
synth_00433.png,train,synthetic,class_1
synth_00434.png,train,synthetic,class_1
synth_00435.png,train,synthetic,class_0
synth_00436.png,train,synthetic,class_1
synth_00438.png,train,synthetic,class_1
synth_00439.png,train,synthetic,class_0
synth_00440.png,train,synthetic,class_0
synth_00441.png,train,synthetic,class_1
synth_00442.png,train,synthetic,negative
synth_00444.png,train,synthetic,class_0
synth_00445.png,train,synthetic,class_1
synth_00447.png,train,synthetic,class_0
synth_00451.png,train,synthetic,negative
synth_00452.png,train,synthetic,negative
synth_00453.png,train,synthetic,class_1
synth_00457.png,train,synthetic,class_0
synth_00458.png,train,synthetic,class_0
synth_00459.png,train,synthetic,class_1
synth_00460.png,train,synthetic,class_0
synth_00461.png,train,synthetic,class_1
synth_00462.png,train,synthetic,class_1
synth_00465.png,train,synthetic,class_0
synth_00467.png,train,synthetic,class_1
synth_00469.png,train,synthetic,class_1
synth_00471.png,train,synthetic,class_0
synth_00473.png,train,synthetic,class_1
synth_00475.png,train,synthetic,negative
synth_00477.png,train,synthetic,class_1
synth_00480.png,train,synthetic,class_1
synth_00481.png,train,synthetic,class_0
synth_00482.png,train,synthetic,class_1
synth_00485.png,train,synthetic,class_0
synth_00487.png,train,synthetic,class_1
synth_00488.png,train,synthetic,class_1
synth_00489.png,train,synthetic,class_0
synth_00490.png,train,synthetic,negative
synth_00491.png,train,synthetic,class_1
synth_00492.png,train,synthetic,negative
synth_00493.png,train,synthetic,class_1
synth_00495.png,train,synthetic,negative
synth_00496.png,train,synthetic,class_0
synth_00498.png,train,synthetic,class_1
synth_00499.png,train,synthetic,class_1
synth_00500.png,train,synthetic,class_0
synth_00501.png,train,synthetic,class_0
synth_00502.png,train,synthetic,class_1
synth_00504.png,train,synthetic,class_1
synth_00506.png,train,synthetic,class_0
synth_00507.png,train,synthetic,class_0
synth_00509.png,train,synthetic,class_0
synth_00510.png,train,synthetic,class_0
synth_00511.png,train,synthetic,class_1
synth_00512.png,train,synthetic,class_0
synth_00513.png,train,synthetic,class_1
synth_00514.png,train,synthetic,class_1
synth_00515.png,train,synthetic,class_0
synth_00516.png,train,synthetic,class_1
synth_00518.png,train,synthetic,class_0
synth_00520.png,train,synthetic,class_0
synth_00521.png,train,synthetic,class_1
synth_00523.png,train,synthetic,class_1
synth_00525.png,train,synthetic,class_1
synth_00526.png,train,synthetic,class_0
synth_00527.png,train,synthetic,class_1
synth_00528.png,train,synthetic,class_0
synth_00529.png,train,synthetic,class_1
synth_00530.png,train,synthetic,class_1
synth_00531.png,train,synthetic,class_1
synth_00532.png,train,synthetic,class_1
synth_00533.png,train,synthetic,class_1
synth_00534.png,train,synthetic,class_0
synth_00535.png,train,synthetic,class_0
synth_00537.png,train,synthetic,class_1
synth_00539.png,train,synthetic,class_0
synth_00540.png,train,synthetic,class_0
synth_00541.png,train,synthetic,class_1
synth_00542.png,train,synthetic,class_0
synth_00543.png,train,synthetic,class_1
synth_00544.png,train,synthetic,class_1
synth_00545.png,train,synthetic,class_1
synth_00546.png,train,synthetic,class_1
synth_00547.png,train,synthetic,class_0
synth_00549.png,train,synthetic,negative
synth_00550.png,train,synthetic,class_1
synth_00551.png,train,synthetic,class_0
synth_00553.png,train,synthetic,class_1
synth_00557.png,train,synthetic,negative
synth_00558.png,train,synthetic,class_0
synth_00559.png,train,synthetic,class_0
synth_00561.png,train,synthetic,class_0
synth_00563.png,train,synthetic,class_1
synth_00564.png,train,synthetic,class_1
synth_00565.png,train,synthetic,class_1
synth_00567.png,train,synthetic,negative
synth_00568.png,train,synthetic,class_1
synth_00570.png,train,synthetic,class_1
synth_00571.png,train,synthetic,class_0
synth_00572.png,train,synthetic,class_1
synth_00573.png,train,synthetic,class_1
synth_00574.png,train,synthetic,class_1
synth_00575.png,train,synthetic,class_0
synth_00576.png,train,synthetic,class_0
synth_00577.png,train,synthetic,class_0
synth_00578.png,train,synthetic,class_1
synth_00579.png,train,synthetic,class_1
synth_00580.png,train,synthetic,class_0
synth_00581.png,train,synthetic,class_1
synth_00582.png,train,synthetic,class_0
synth_00584.png,train,synthetic,class_0
synth_00585.png,train,synthetic,class_0
synth_00588.png,train,synthetic,class_1
synth_00589.png,train,synthetic,negative
synth_00590.png,train,synthetic,negative
synth_00592.png,train,synthetic,class_0
synth_00593.png,train,synthetic,negative
synth_00594.png,train,synthetic,class_1
synth_00595.png,train,synthetic,class_0
synth_00596.png,train,synthetic,negative
synth_00597.png,train,synthetic,class_1
synth_00600.png,train,synthetic,class_0
synth_00601.png,train,synthetic,negative
synth_00602.png,train,synthetic,class_1
synth_00603.png,train,synthetic,class_1
synth_00607.png,train,synthetic,class_1
synth_00610.png,train,synthetic,class_0
synth_00611.png,train,synthetic,class_0
synth_00612.png,train,synthetic,class_0
synth_00613.png,train,synthetic,class_0
synth_00614.png,train,synthetic,class_0
synth_00615.png,train,synthetic,class_1
synth_00616.png,train,synthetic,class_0
synth_00617.png,train,synthetic,class_1
synth_00619.png,train,synthetic,class_0
synth_00621.png,train,synthetic,class_1
synth_00622.png,train,synthetic,class_1
synth_00623.png,train,synthetic,class_1
synth_00624.png,train,synthetic,class_1
synth_00625.png,train,synthetic,class_1
synth_00626.png,train,synthetic,class_1
synth_00627.png,train,synthetic,class_0
synth_00628.png,train,synthetic,negative
synth_00629.png,train,synthetic,class_0
synth_00631.png,train,synthetic,class_1
synth_00632.png,train,synthetic,class_0
synth_00634.png,train,synthetic,class_1
synth_00635.png,train,synthetic,class_0
synth_00636.png,train,synthetic,class_0
synth_00637.png,train,synthetic,negative
synth_00639.png,train,synthetic,class_0
synth_00641.png,train,synthetic,class_0
synth_00642.png,train,synthetic,class_0
synth_00645.png,train,synthetic,class_1
synth_00646.png,train,synthetic,class_0
synth_00647.png,train,synthetic,class_0
synth_00649.png,train,synthetic,negative
synth_00650.png,train,synthetic,class_0
synth_00651.png,train,synthetic,class_1
synth_00652.png,train,synthetic,class_1
synth_00653.png,train,synthetic,class_1
synth_00654.png,train,synthetic,class_1
synth_00655.png,train,synthetic,class_0
synth_00656.png,train,synthetic,class_1
synth_00659.png,train,synthetic,class_0
synth_00661.png,train,synthetic,class_1
synth_00662.png,train,synthetic,class_1
synth_00663.png,train,synthetic,negative
synth_00664.png,train,synthetic,class_0
synth_00665.png,train,synthetic,class_1
synth_00668.png,train,synthetic,class_1
synth_00669.png,train,synthetic,negative
synth_00670.png,train,synthetic,class_0
synth_00671.png,train,synthetic,class_0
synth_00672.png,train,synthetic,class_1
synth_00673.png,train,synthetic,class_1
synth_00674.png,train,synthetic,class_1
synth_00675.png,train,synthetic,class_0
synth_00676.png,train,synthetic,class_1
synth_00677.png,train,synthetic,class_0
synth_00678.png,train,synthetic,negative
synth_00679.png,train,synthetic,class_0
synth_00680.png,train,synthetic,class_1
synth_00681.png,train,synthetic,class_0
synth_00683.png,train,synthetic,class_1
synth_00685.png,train,synthetic,class_0
synth_00686.png,train,synthetic,class_0
synth_00687.png,train,synthetic,class_0
synth_00688.png,train,synthetic,class_1
synth_00689.png,train,synthetic,class_1
synth_00690.png,train,synthetic,class_1
synth_00692.png,train,synthetic,class_1
synth_00694.png,train,synthetic,negative
synth_00695.png,train,synthetic,class_0
synth_00696.png,train,synthetic,class_1
synth_00698.png,train,synthetic,negative
synth_00699.png,train,synthetic,class_1
synth_00701.png,train,synthetic,class_0
synth_00705.png,train,synthetic,class_1
synth_00706.png,train,synthetic,class_0
synth_00707.png,train,synthetic,class_1
synth_00708.png,train,synthetic,class_0
synth_00709.png,train,synthetic,class_0
synth_00711.png,train,synthetic,class_1
synth_00712.png,train,synthetic,class_1
synth_00713.png,train,synthetic,class_0
synth_00714.png,train,synthetic,class_0
synth_00716.png,train,synthetic,class_0
synth_00717.png,train,synthetic,class_1
synth_00718.png,train,synthetic,class_0
synth_00720.png,train,synthetic,class_0
synth_00722.png,train,synthetic,class_0
synth_00723.png,train,synthetic,class_0
synth_00725.png,train,synthetic,class_0
synth_00726.png,train,synthetic,class_0
synth_00727.png,train,synthetic,class_1
synth_00728.png,train,synthetic,class_1
synth_00730.png,train,synthetic,class_1
synth_00731.png,train,synthetic,class_0
synth_00732.png,train,synthetic,negative
synth_00734.png,train,synthetic,negative
synth_00736.png,train,synthetic,class_0
synth_00737.png,train,synthetic,class_1
synth_00738.png,train,synthetic,class_1
synth_00740.png,train,synthetic,class_1
synth_00742.png,train,synthetic,class_0
synth_00743.png,train,synthetic,class_0
synth_00745.png,train,synthetic,class_1
synth_00746.png,train,synthetic,class_0
synth_00747.png,train,synthetic,class_1
synth_00749.png,train,synthetic,class_1
synth_00751.png,train,synthetic,class_1
synth_00753.png,train,synthetic,negative
synth_00754.png,train,synthetic,negative
synth_00755.png,train,synthetic,class_1
synth_00756.png,train,synthetic,class_0
synth_00758.png,train,synthetic,class_0
synth_00759.png,train,synthetic,class_1
synth_00760.png,train,synthetic,negative
synth_00761.png,train,synthetic,negative
synth_00766.png,train,synthetic,class_0
synth_00767.png,train,synthetic,class_1
synth_00768.png,train,synthetic,class_1
synth_00769.png,train,synthetic,class_1
synth_00770.png,train,synthetic,class_1
synth_00773.png,train,synthetic,class_0
synth_00774.png,train,synthetic,class_0
synth_00775.png,train,synthetic,class_1
synth_00778.png,train,synthetic,negative
synth_00781.png,train,synthetic,negative
synth_00782.png,train,synthetic,negative
synth_00784.png,train,synthetic,class_0
synth_00785.png,train,synthetic,negative
synth_00786.png,train,synthetic,negative
synth_00789.png,train,synthetic,class_1
synth_00791.png,train,synthetic,class_0
synth_00792.png,train,synthetic,class_0
synth_00793.png,train,synthetic,class_1
synth_00794.png,train,synthetic,class_0
synth_00795.png,train,synthetic,class_0
synth_00797.png,train,synthetic,negative
synth_00798.png,train,synthetic,negative
synth_00800.png,train,synthetic,class_1
synth_00801.png,train,synthetic,class_1
synth_00802.png,train,synthetic,class_1
synth_00803.png,train,synthetic,class_1
synth_00806.png,train,synthetic,negative
synth_00807.png,train,synthetic,class_1
synth_00808.png,train,synthetic,class_0
synth_00809.png,train,synthetic,class_1
synth_00810.png,train,synthetic,class_1
synth_00813.png,train,synthetic,class_0
synth_00814.png,train,synthetic,class_1
synth_00816.png,train,synthetic,class_0
synth_00817.png,train,synthetic,class_1
synth_00818.png,train,synthetic,class_1
synth_00821.png,train,synthetic,class_1
synth_00824.png,train,synthetic,class_0
synth_00825.png,train,synthetic,class_1
synth_00826.png,train,synthetic,class_0
synth_00827.png,train,synthetic,class_0
synth_00829.png,train,synthetic,negative
synth_00830.png,train,synthetic,class_1
synth_00831.png,train,synthetic,class_0
synth_00832.png,train,synthetic,class_1
synth_00833.png,train,synthetic,class_0
synth_00834.png,train,synthetic,negative
synth_00838.png,train,synthetic,class_0
synth_00839.png,train,synthetic,class_0
synth_00840.png,train,synthetic,class_0
synth_00843.png,train,synthetic,negative
synth_00844.png,train,synthetic,class_1
synth_00845.png,train,synthetic,class_1
synth_00847.png,train,synthetic,class_1
synth_00850.png,train,synthetic,class_0
synth_00851.png,train,synthetic,class_1
synth_00852.png,train,synthetic,class_0
synth_00854.png,train,synthetic,class_0
synth_00855.png,train,synthetic,class_0
synth_00856.png,train,synthetic,class_0
synth_00858.png,train,synthetic,class_1
synth_00859.png,train,synthetic,class_1
synth_00860.png,train,synthetic,class_0
synth_00861.png,train,synthetic,class_0
synth_00862.png,train,synthetic,class_1
synth_00864.png,train,synthetic,class_0
synth_00865.png,train,synthetic,negative
synth_00867.png,train,synthetic,class_0
synth_00869.png,train,synthetic,class_0
synth_00870.png,train,synthetic,negative
synth_00872.png,train,synthetic,class_1
synth_00874.png,train,synthetic,class_1
synth_00875.png,train,synthetic,class_0
synth_00876.png,train,synthetic,class_1
synth_00877.png,train,synthetic,class_0
synth_00878.png,train,synthetic,class_0
synth_00879.png,train,synthetic,negative
synth_00880.png,train,synthetic,class_0
synth_00881.png,train,synthetic,negative
synth_00883.png,train,synthetic,class_0
synth_00886.png,train,synthetic,class_1
synth_00887.png,train,synthetic,class_1
synth_00888.png,train,synthetic,class_0
synth_00891.png,train,synthetic,class_1
synth_00892.png,train,synthetic,class_0
synth_00893.png,train,synthetic,negative
synth_00894.png,train,synthetic,class_0
synth_00895.png,train,synthetic,class_0
synth_00897.png,train,synthetic,class_1
synth_00899.png,train,synthetic,class_0
synth_00901.png,train,synthetic,class_1
synth_00902.png,train,synthetic,class_1
synth_00903.png,train,synthetic,negative
synth_00905.png,train,synthetic,class_0
synth_00906.png,train,synthetic,negative
synth_00907.png,train,synthetic,class_0
synth_00908.png,train,synthetic,class_1
synth_00909.png,train,synthetic,class_0
synth_00911.png,train,synthetic,class_1
synth_00912.png,train,synthetic,class_1
synth_00913.png,train,synthetic,class_1
synth_00914.png,train,synthetic,class_0
synth_00915.png,train,synthetic,class_1
synth_00916.png,train,synthetic,class_1
synth_00917.png,train,synthetic,class_1
synth_00918.png,train,synthetic,class_1
synth_00919.png,train,synthetic,class_0
synth_00920.png,train,synthetic,class_1
synth_00921.png,train,synthetic,negative
synth_00922.png,train,synthetic,class_0
synth_00923.png,train,synthetic,class_0
synth_00924.png,train,synthetic,class_1
synth_00925.png,train,synthetic,negative
synth_00927.png,train,synthetic,class_0
synth_00928.png,train,synthetic,class_0
synth_00929.png,train,synthetic,negative
synth_00931.png,train,synthetic,class_0
synth_00932.png,train,synthetic,class_1
synth_00933.png,train,synthetic,class_1
synth_00934.png,train,synthetic,class_1
synth_00935.png,train,synthetic,class_1
synth_00938.png,train,synthetic,class_1
synth_00940.png,train,synthetic,class_1
synth_00943.png,train,synthetic,class_1
synth_00944.png,train,synthetic,class_0
synth_00945.png,train,synthetic,class_1
synth_00950.png,train,synthetic,negative
synth_00953.png,train,synthetic,class_0
synth_00956.png,train,synthetic,class_0
synth_00957.png,train,synthetic,class_1
synth_00959.png,train,synthetic,negative
synth_00960.png,train,synthetic,class_1
synth_00961.png,train,synthetic,class_1
synth_00962.png,train,synthetic,negative
synth_00963.png,train,synthetic,class_1
synth_00967.png,train,synthetic,class_0
synth_00969.png,train,synthetic,negative
synth_00971.png,train,synthetic,class_1
synth_00972.png,train,synthetic,class_1
synth_00973.png,train,synthetic,class_1
synth_00975.png,train,synthetic,negative
synth_00976.png,train,synthetic,class_1
synth_00977.png,train,synthetic,class_0
synth_00978.png,train,synthetic,negative
synth_00979.png,train,synthetic,class_1
synth_00980.png,train,synthetic,negative
synth_00981.png,train,synthetic,class_1
synth_00982.png,train,synthetic,negative
synth_00985.png,train,synthetic,class_1
synth_00987.png,train,synthetic,class_1
synth_00989.png,train,synthetic,class_1
synth_00991.png,train,synthetic,class_1
synth_00992.png,train,synthetic,class_1
synth_00993.png,train,synthetic,class_1
synth_00994.png,train,synthetic,negative
synth_00996.png,train,synthetic,class_1
synth_00997.png,train,synthetic,class_0
synth_00998.png,train,synthetic,class_0
synth_00999.png,train,synthetic,class_0
028e9283-1675_199.png,val,real,class_1
02d41591-Doc_table_28.png,val,real,class_0
0a1fc382-Doc_table_71.png,val,real,class_1
0c6ef6c2-0667_005.png,val,real,class_1
0d7b161f-1238_006.png,val,real,class_1
0d867681-0212_175.png,val,real,class_1
0fd1ae59-Doc_table_470.png,val,real,class_1
10c417d0-20_bordered_tables_page-0015.jpg,val,real,class_0
115c9a6f-1742_157.png,val,real,class_0
1417190d-0725_043.png,val,real,class_1
14de7344-20_bordered_tables_page-0013.jpg,val,real,class_0
152ca2e7-Doc_table_488.png,val,real,class_1
19fab7f8-0110_099.png,val,real,class_1
1d4980d6-20_bordered_tables_page-0019.jpg,val,real,class_0
1da903f9-Doc_table_79.png,val,real,class_0
21a50249-1415_048.png,val,real,class_1
223dba77-1353_032.png,val,real,class_0
255e42e1-0154_080.png,val,real,class_1
2add94d9-Doc_table_481.png,val,real,class_0
2c0b5831-1654_004.png,val,real,negative
2ca43d2b-2135_012.png,val,real,class_1
3140375f-Doc_table_482.png,val,real,class_1
316af4bb-0651_008.png,val,real,negative
31fbd6af-Doc_table_24.png,val,real,class_1
32be4864-1672_069.png,val,real,class_1
369284b0-Doc_table_58.png,val,real,class_1
3fb3d96b-20_bordered_tables_page-0010.jpg,val,real,class_0
400b2085-20_bordered_tables_page-0016.jpg,val,real,class_0
42105104-20_bordered_tables_page-0009.jpg,val,real,class_0
449a51f9-1665_133.png,val,real,class_1
467eef22-0685_048.png,val,real,class_1
471fe9e3-20_bordered_tables_page-0010.jpg,val,real,class_0
487c6121-20_bordered_tables_page-0020.jpg,val,real,class_0
49f4753d-Doc_table_475.png,val,real,class_0
55601cd9-Doc_table_480.png,val,real,class_1
5a0de1d3-Doc_table_468.png,val,real,class_1
5ae34423-1356_119.png,val,real,class_1
638e6e53-1412_006.png,val,real,class_1
642e5f8b-Doc_table_476.png,val,real,class_1
64d37d89-1539_012.png,val,real,class_1
65f78b8a-Doc_table_98.png,val,real,class_0
679894af-1634_335.png,val,real,class_1
67e3bd70-20_bordered_tables_page-0009.jpg,val,real,class_0
68e66704-Screenshot_2026-06-16_180608.png,val,real,class_0
695c0945-Doc_table_486.png,val,real,class_1
69981fca-Doc_table_9_-_Copy.png,val,real,class_1
6a813273-Doc_table_161.png,val,real,class_0
6bedf041-1484_028.png,val,real,class_1
6cd221b0-Doc_table_495.png,val,real,class_1
6d2e9d43-Doc_table_56.png,val,real,class_0
700b7bf6-Doc_table_465.png,val,real,class_0
7056ca17-Doc_table_22.png,val,real,class_0
712b579f-Doc_table_95.png,val,real,class_1
732302c6-Screenshot_2026-06-16_180657.png,val,real,class_0
732a2816-0147_090.png,val,real,class_1
766e70e8-0207_025.png,val,real,class_1
79499821-20_bordered_tables_page-0012.jpg,val,real,class_0
7afc0709-Screenshot_2026-06-16_180727.png,val,real,class_0
7e43f4e3-Screenshot_2026-06-16_180646.png,val,real,class_0
7fb9183c-Doc_table_484.png,val,real,class_0
84ad9844-0210_111.png,val,real,class_1
85aa5336-Doc_table_76.png,val,real,class_1
89b824ab-Doc_table_99.png,val,real,class_0
8d4ee1ce-1356_083.png,val,real,class_1
8f79adaf-20_bordered_tables_page-0001.jpg,val,real,class_0
916f530e-20_bordered_tables_page-0002.jpg,val,real,class_0
9188b546-Doc_table_157.png,val,real,class_1
972909af-Doc_table_464.png,val,real,class_1
97f49001-1634_022.png,val,real,negative
9961f2ff-20_bordered_tables_page-0018.jpg,val,real,class_0
99938bcb-Doc_table_31.png,val,real,class_0
99e8fbe8-1495_021.png,val,real,class_1
9d6cd5df-Doc_table_485.png,val,real,class_1
a0918f9d-1556_004.png,val,real,negative
a097311d-Doc_table_52.png,val,real,class_1
a09a1bd5-1634_330.png,val,real,class_1
a15b8e83-1078_082.png,val,real,class_1
a2cd0bbc-0672_356.png,val,real,class_1
a884a2a5-Doc_table_83.png,val,real,class_0
b433a084-Screenshot_2026-06-16_180739.png,val,real,class_0
b4eb43ec-0209_207.png,val,real,class_1
b8ffe85a-1295_064.png,val,real,class_1
be157ec6-1662_034.png,val,real,class_1
be4c9040-5117_023.png,val,real,class_1
be6d647c-Doc_table_2_-_Copy.png,val,real,class_0
c4e29ca6-Doc_table_37.png,val,real,class_0
c5846bc0-Screenshot_2026-06-16_180751.png,val,real,class_0
cd8c0719-Doc_table_467.png,val,real,class_1
cde7e28e-Doc_table_30.png,val,real,class_0
ce087f0e-1079_023.png,val,real,class_1
d3b022d0-0147_090.png,val,real,class_1
d4a89d78-0223_017.png,val,real,class_1
d4d2db14-0206_048.png,val,real,class_1
d94ad5ef-1556_006.png,val,real,negative
db34b810-Doc_table_77.png,val,real,class_1
dd9c5e9f-1112_023.png,val,real,class_1
e639fb02-Doc_table_11_-_Copy.png,val,real,class_0
e7a6a67b-20_bordered_tables_page-0008.jpg,val,real,class_0
e82f48de-1589_015.png,val,real,class_1
ec7cdc4e-Doc_table_4_-_Copy.png,val,real,class_0
efd21513-2029_438.png,val,real,class_1
f67b6f52-20_bordered_tables_page-0018.jpg,val,real,class_0
fb72fc4b-Doc_table_5.png,val,real,class_0
fdb68302-Screenshot_2026-06-16_180704.png,val,real,class_0
ffe34425-20_bordered_tables_page-0001.jpg,val,real,class_0
synth_00001.png,val,synthetic,class_1
synth_00003.png,val,synthetic,negative
synth_00030.png,val,synthetic,class_1
synth_00036.png,val,synthetic,class_1
synth_00039.png,val,synthetic,negative
synth_00041.png,val,synthetic,negative
synth_00061.png,val,synthetic,class_0
synth_00071.png,val,synthetic,class_0
synth_00074.png,val,synthetic,negative
synth_00077.png,val,synthetic,class_1
synth_00090.png,val,synthetic,class_0
synth_00098.png,val,synthetic,class_0
synth_00102.png,val,synthetic,class_0
synth_00103.png,val,synthetic,negative
synth_00115.png,val,synthetic,class_1
synth_00123.png,val,synthetic,class_1
synth_00131.png,val,synthetic,class_0
synth_00137.png,val,synthetic,negative
synth_00141.png,val,synthetic,class_1
synth_00152.png,val,synthetic,negative
synth_00179.png,val,synthetic,negative
synth_00182.png,val,synthetic,class_0
synth_00183.png,val,synthetic,class_1
synth_00189.png,val,synthetic,class_0
synth_00213.png,val,synthetic,class_1
synth_00214.png,val,synthetic,class_0
synth_00215.png,val,synthetic,class_1
synth_00218.png,val,synthetic,class_1
synth_00222.png,val,synthetic,class_0
synth_00226.png,val,synthetic,negative
synth_00229.png,val,synthetic,class_1
synth_00233.png,val,synthetic,negative
synth_00245.png,val,synthetic,class_0
synth_00254.png,val,synthetic,class_1
synth_00255.png,val,synthetic,class_1
synth_00259.png,val,synthetic,class_1
synth_00263.png,val,synthetic,negative
synth_00266.png,val,synthetic,negative
synth_00270.png,val,synthetic,class_0
synth_00274.png,val,synthetic,class_0
synth_00281.png,val,synthetic,class_1
synth_00287.png,val,synthetic,class_1
synth_00294.png,val,synthetic,class_0
synth_00296.png,val,synthetic,class_0
synth_00300.png,val,synthetic,class_1
synth_00313.png,val,synthetic,class_0
synth_00315.png,val,synthetic,negative
synth_00316.png,val,synthetic,class_1
synth_00341.png,val,synthetic,class_0
synth_00345.png,val,synthetic,class_1
synth_00348.png,val,synthetic,class_0
synth_00350.png,val,synthetic,class_1
synth_00352.png,val,synthetic,class_0
synth_00353.png,val,synthetic,class_0
synth_00364.png,val,synthetic,class_1
synth_00366.png,val,synthetic,class_1
synth_00383.png,val,synthetic,class_0
synth_00384.png,val,synthetic,class_1
synth_00388.png,val,synthetic,class_1
synth_00415.png,val,synthetic,class_1
synth_00420.png,val,synthetic,class_0
synth_00424.png,val,synthetic,class_1
synth_00428.png,val,synthetic,class_0
synth_00437.png,val,synthetic,class_1
synth_00454.png,val,synthetic,class_1
synth_00455.png,val,synthetic,negative
synth_00463.png,val,synthetic,negative
synth_00470.png,val,synthetic,class_0
synth_00478.png,val,synthetic,class_1
synth_00479.png,val,synthetic,class_1
synth_00483.png,val,synthetic,class_0
synth_00484.png,val,synthetic,class_0
synth_00494.png,val,synthetic,class_0
synth_00497.png,val,synthetic,negative
synth_00508.png,val,synthetic,class_1
synth_00517.png,val,synthetic,class_1
synth_00519.png,val,synthetic,class_0
synth_00522.png,val,synthetic,class_0
synth_00524.png,val,synthetic,class_0
synth_00538.png,val,synthetic,negative
synth_00554.png,val,synthetic,class_1
synth_00560.png,val,synthetic,class_0
synth_00562.png,val,synthetic,class_1
synth_00569.png,val,synthetic,class_1
synth_00583.png,val,synthetic,class_1
synth_00587.png,val,synthetic,class_1
synth_00599.png,val,synthetic,class_0
synth_00605.png,val,synthetic,class_0
synth_00609.png,val,synthetic,class_0
synth_00633.png,val,synthetic,class_1
synth_00640.png,val,synthetic,class_1
synth_00644.png,val,synthetic,class_0
synth_00648.png,val,synthetic,class_0
synth_00657.png,val,synthetic,class_1
synth_00660.png,val,synthetic,class_0
synth_00667.png,val,synthetic,class_1
synth_00684.png,val,synthetic,class_1
synth_00691.png,val,synthetic,negative
synth_00700.png,val,synthetic,class_1
synth_00702.png,val,synthetic,class_0
synth_00704.png,val,synthetic,class_0
synth_00719.png,val,synthetic,class_0
synth_00724.png,val,synthetic,class_0
synth_00729.png,val,synthetic,class_0
synth_00733.png,val,synthetic,class_0
synth_00735.png,val,synthetic,class_1
synth_00739.png,val,synthetic,class_0
synth_00744.png,val,synthetic,class_1
synth_00752.png,val,synthetic,class_1
synth_00763.png,val,synthetic,class_1
synth_00765.png,val,synthetic,class_1
synth_00771.png,val,synthetic,negative
synth_00772.png,val,synthetic,class_1
synth_00783.png,val,synthetic,class_1
synth_00787.png,val,synthetic,class_1
synth_00788.png,val,synthetic,class_0
synth_00790.png,val,synthetic,class_1
synth_00804.png,val,synthetic,class_0
synth_00805.png,val,synthetic,class_1
synth_00811.png,val,synthetic,class_1
synth_00812.png,val,synthetic,class_1
synth_00822.png,val,synthetic,negative
synth_00828.png,val,synthetic,class_1
synth_00835.png,val,synthetic,class_1
synth_00837.png,val,synthetic,class_1
synth_00841.png,val,synthetic,class_1
synth_00842.png,val,synthetic,class_0
synth_00849.png,val,synthetic,class_0
synth_00853.png,val,synthetic,class_0
synth_00863.png,val,synthetic,class_0
synth_00873.png,val,synthetic,class_0
synth_00882.png,val,synthetic,class_1
synth_00884.png,val,synthetic,class_0
synth_00885.png,val,synthetic,class_1
synth_00889.png,val,synthetic,negative
synth_00900.png,val,synthetic,class_1
synth_00904.png,val,synthetic,class_0
synth_00910.png,val,synthetic,class_1
synth_00930.png,val,synthetic,class_0
synth_00939.png,val,synthetic,class_1
synth_00946.png,val,synthetic,class_0
synth_00949.png,val,synthetic,class_1
synth_00958.png,val,synthetic,class_1
synth_00965.png,val,synthetic,class_0
synth_00966.png,val,synthetic,class_0
synth_00968.png,val,synthetic,class_0
synth_00986.png,val,synthetic,class_1
synth_00990.png,val,synthetic,negative
